Fe1,Fe2,Fe3,Fe4,Fe5,Fe6,Fe7,Fe8,Fe9,Fe10,Fe11,Fe12,Target
14.009980368857072,-10.88326259780288,4.365306629250962,4.986853984709158,2.4350131711466254,-12.367657075751664,0.05421619647838647,-6.505666590851497,-6.805871159883047,2.364852225048492,-4.845747835145847,-4.725184058319306,0.0
12.618823180897325,-18.56727128346088,-0.8252640616423409,-2.9352801711247003,-1.2526818648434308,-10.560306948524246,3.0106098126850265,0.32741940120370244,0.9055379513914812,6.674397070810603,-0.3642328425086672,-4.26177893415626,1.0
12.21063209494308,-26.00480331737081,-5.622614307461599,-6.454565438720247,0.08162364005132718,-6.172827699588919,4.9002687418568165,-0.9855436449890068,-3.6349964948487634,0.8728165741341908,-2.3947198495329762,-4.316653007377502,2.0
13.355268409786332,-14.450084441043687,0.6714833345266646,0.2319936928355865,1.089737011114525,-11.538107339033328,2.880812444898209,-1.1212801995415798,-4.081853520929696,2.1728040038566707,-3.6725938263272737,-6.3594764327361295,3.0
12.582414306972838,-20.048430693992312,0.23661962924484026,-7.352641819982803,-2.6808459111057887,-5.635102387938501,4.440549307522633,-3.257457247841548,-5.421509842421435,-3.2110811075347514,-8.593637218758001,-5.570041943955567,4.0
11.374866831252904,-8.261424944961957,-6.6742035943377935,-3.5372648503803217,-2.0491468596995515,-15.256731797376544,2.372672013716455,-7.319961949882188,-10.607784017138297,1.1513892886311303,-5.078557042606977,-3.6129885763516585,5.0
15.130975382199475,-10.398570168053539,-7.273264077711342,6.7779354253274855,-0.0928718969415628,-22.594124484767146,3.3980764835545267,-6.8099218018375085,-12.59632723270674,2.683210755635737,-4.342237849090751,-3.9073923080619104,6.0
10.447523549548563,-29.54297995968832,-12.8758946221694,-4.500975427233137,0.2070547494051045,-10.310458463735422,5.883562183047383,-1.5028808236482132,-6.723584783006369,-2.6471163048496646,-2.846984255039727,0.6206021319890624,7.0
14.79080521246658,-8.729446041881609,0.22935255343804584,-1.2286100138215417,0.4641050884405523,-11.152055431392826,5.661991540041777,-2.7912870185500958,-9.713887439506225,0.0643425206468953,-3.3841920347501104,-3.268591073849181,8.0
14.021282488826538,-12.026842407564812,-2.8314770758123533,1.72273484736518,0.5540001850153082,-11.666233347633884,6.7436049538133,-5.587467463513899,-8.764579746711204,1.6313639040349586,-7.663068914953993,-4.031754079136614,9.0
13.594420240985038,-12.5800984972601,0.8241866821990945,3.8071136150155014,6.007676884836407,-6.40779642863879,5.677948306871254,-1.2883627921060417,-7.066094213174408,-1.9144085269539624,-5.2325462999193135,-5.18441050365063,0.0
13.86906291581844,-11.603886291950241,4.536822011320451,3.4735700708273094,6.153746382940153,-4.2963786579116725,3.896462101888032,-1.686538490363476,-4.727840018489458,0.5380147862717609,-3.396229335841076,-4.466554752396991,1.0
13.424587646807439,-9.292536435190053,2.24548569234534,-0.4646357114281334,5.067553281187101,-5.4764629942155825,2.5796285182382928,-5.957082896548061,-9.20722052559133,-0.8377703801091584,-3.9584421871540463,-6.509700817030226,2.0
13.306599147180721,-14.524832070107395,-0.7123378831458447,0.1309588713314552,1.3733074271887888,-12.620594511382668,0.12632366657043226,-3.2332073147331046,-5.066624878215217,1.7260220841142448,-2.5395672258457647,-6.269759466835053,3.0
14.025627536740172,-16.122876653047093,0.04764918749436396,-3.078800994634089,-0.8798334399613742,-10.638474670199637,4.140618619125477,0.6612894585501508,-4.513796055349219,1.4896635984337183,-1.6615301250704448,-3.65051491551382,4.0
13.964150921664787,-10.97736300734233,-3.3643321907335197,-1.792444299985287,2.46418327853168,-10.483101698878,2.099056810781982,-0.9803944481826996,-4.536611643747204,-2.0450587812497267,-4.683479720764405,-1.919811403557887,5.0
14.802859080413294,-17.150241079456553,-8.407136663402424,5.866440776793808,6.520557531344457,-13.355827157849305,4.766760809723138,1.5650774655782402,-8.333622606172852,-1.5318631955792443,-0.6123828472237871,-4.033354222162233,6.0
13.294704021449682,-18.6498729863678,-7.045526131828318,0.11778091051218725,4.528652810424767,-10.195437645341338,5.8178341995581615,1.2880089685065381,-7.558383786615479,-2.1167604045531974,-0.5856518727542666,-2.0512980071479787,7.0
13.69566832575591,-13.461042742877078,-1.6933616725488632,0.04602817746148705,4.048275112952087,-5.754454012544921,5.487406416793032,-3.5435668345406004,-7.582651215906838,-0.04700459188709315,-1.9837321930889693,-2.0314014606804163,8.0
13.31799081431747,-13.770587222729334,-3.272811084139581,-2.9813125432630248,0.33739544841564656,-11.344719164313569,1.4239607685666436,-6.415630028555949,-7.1981065839162826,3.3950824446503596,-1.154909072985898,-3.0990603741210254,9.0
11.607207076584967,-15.085060548314464,-3.4984057737331233,-0.38126048322372497,2.0366205695885933,-10.220357076098413,0.6647319423870564,-2.1088217611947275,-2.23486042840749,2.5858582365345995,-1.0515126864782571,-3.4521382328721715,0.0
11.096071236223807,-19.43808441238398,-1.2627086547673574,-4.169242369417293,-1.0196180900272935,-10.687514046981377,-0.5735045545261637,1.276308827850301,2.098048333551161,3.4240795096621732,-1.152300215206173,-4.110885483451387,1.0
11.40879138267756,-18.40593544653999,-4.671450870354544,-3.2463918110775714,2.6679389407195755,-4.92804002513518,4.4484463674141255,-0.8986164920578235,-2.559405417620253,-0.011412936524073422,-2.6381841591953874,-1.8351133483632465,2.0
11.6086284894785,-19.125146111104684,-4.526830377452223,-4.314111211234511,-1.3735829246263271,-13.639537007812915,-1.7025891213731104,-0.9980248711604184,-0.06667197818951084,4.256682179278174,0.07420672049787393,-2.1968669295551115,3.0
11.184741444034836,-18.151949711205386,-5.504866866349063,-3.675987397474435,0.652492645805153,-10.78159331632892,1.3964469825685173,0.2994491940548743,-2.2164235926968208,0.7412565444522412,-0.4100562345957598,-0.9491620945878544,4.0
12.707274202993753,-18.698031218923585,-8.026409668279586,-3.313807560126043,2.516857373326281,-11.902656829133832,2.6860037648488406,2.5676624439129854,-2.0263767117949425,0.8694221267184576,-0.461104944976826,-2.4320898392589823,5.0
14.947117954841056,-20.792074824201947,-13.606082570555413,8.341539184791344,6.100686532588113,-14.075503057328534,8.616903016729056,0.24690240475983685,-4.320564876779506,4.545808360477656,-1.800454272837661,-0.7206384068388525,6.0
11.663492997735018,-20.101036835733627,-12.62755398619215,-4.4063335781859765,2.0097905910080374,-10.839299527940456,4.785598934879175,-3.469143446549638,-9.086316552184009,-0.043497669918911866,-0.8166396065667959,-1.1264563593353798,7.0
12.630213991095465,-25.305290821321808,-3.2739785225125706,-4.302276984947028,0.7539314119084014,-6.745589058507494,2.6408027847627,-1.5708605221060534,-3.9164139881956537,0.22294457771378196,-1.5710621558908018,-3.504691377053585,8.0
12.9299699444624,-15.010523612112465,-7.465715901001003,-0.3547819389846815,2.9643080915035136,-10.30172070221846,5.895502838143813,-0.12611789696441056,-1.7374262854918134,5.568714310721215,-1.2751224604083622,-0.681369489033598,9.0
11.216324222170472,-20.79532234349243,-4.814442317995061,-2.5069381358811564,-1.9193632446482165,-11.812833642494507,1.191858237619725,-2.1180394299357865,-1.1164739609212662,3.039163007461455,-2.547168633891791,-1.2975639405505173,0.0
17.152827886942713,-36.90094121751254,-3.587149011827412,-8.903591345906856,-4.082157577596644,-8.491849989558203,-2.0043575344210907,-0.8980270510082653,0.08647635719283889,-1.3182256367956864,-0.4214584837312047,-1.5577363881884547,1.0
17.31789504574637,-37.453521184672304,-4.517604035527151,-9.385527399598033,-3.67520622672264,-7.323695422575524,-0.8581754422720251,0.7626332392423647,1.2473238149109251,-0.5894565735517161,0.38760815975665397,-1.1070555489686011,2.0
10.866970554120114,-21.7131507207048,-4.589904334634691,-5.482254272784842,-2.927774412730372,-13.677707349525685,0.2826785918273996,-0.13339761878925718,-0.7076119606049549,3.229614227803652,-1.3312072686591157,-4.274339866388619,3.0
10.309160257701713,-24.6338272190136,-6.582529528224442,-6.8735420921606085,-3.4895641606361822,-10.495463096119806,2.8582662204151488,0.4271521899473267,-1.6225522252806144,0.8673486024005552,-1.763773992890527,-0.7173871855440686,4.0
12.936973475202384,-24.380385261398157,-6.376042150956218,-3.0295732510154414,0.7497626835452431,-10.307620277936103,1.4967126118521543,0.32400118579653964,-2.448474387085819,-0.42212611051683735,-2.8836731055346245,-2.7776562290804234,5.0
14.342829147080955,-25.532745170151912,-15.355964913998324,2.1590750160909082,3.0299100365200986,-15.566479192068016,5.983106800679679,0.6833214187906371,-5.708094144640661,1.9517280571702285,-1.2928714018193128,-1.6178087641173662,6.0
12.693721721884534,-18.57234059318104,-6.326539955236979,-1.6715776143415908,0.9203841026147652,-12.035957677996132,5.256831101891964,0.3302609884106757,-7.993491594079299,-2.7368402454983127,-2.751995470476788,-1.39934613194066,7.0
12.335039821215851,-18.52791621629102,-7.1873268689492225,-3.2599870857318733,4.652103151852051,-6.292531970413983,1.9508629022582191,-4.870344925056141,-9.71108096790841,-5.5489058241062335,-3.3734671748478684,-0.3088592218165156,8.0
12.736422488988069,-19.889327811125103,-6.929069899056477,-0.108229499875837,3.0610960076490668,-9.618484023000821,4.2251334483205625,-2.6683690822567327,-4.010355542241686,2.6870943361482342,-3.3653158981683653,-2.380727175868824,9.0
11.852943307959373,-20.919129192729482,-2.343376183232877,-1.3323855047601791,-0.6155596122449146,-12.216552720934914,-0.7262816923521225,-1.833518307219556,-0.9524550476192972,3.192132879755565,-1.6884985136328214,-2.6797630628469102,0.0
10.448492574086636,-22.85940693455289,-4.327810441985331,-5.013640427963402,-2.0328229813156797,-12.253456008330625,0.5541699953390753,0.3968913611007884,1.4476787122107422,4.600420319234587,-0.9324622783483392,-3.6037791443051033,1.0
10.858417263572251,-23.99739115993155,-5.221126963131434,-5.49830031417569,0.4490439769999297,-7.647941849577447,2.2090882823365354,-1.3804756642011933,-3.117096300105627,0.06516788420887636,-1.2392798974186925,-1.7170525892360962,2.0
11.185792082534732,-18.303929430853966,-4.107938632559759,-2.8933335007423016,-0.4569862540880104,-13.160667422029276,-3.730706781723669,-2.12079477705525,0.6970117679658719,3.8671149530590534,-1.7427591033982115,-6.223361148726053,3.0
11.039593983793656,-23.882403336425266,-5.449944998211306,-5.255192506118419,-0.7854792274099758,-10.115885697057287,1.6124001848416778,0.4802553498692948,-2.2137970682881694,0.01734379817765854,-1.5011863482497858,-3.0322355388240667,4.0
11.965911121000747,-23.64257534899992,-7.815950828380383,-3.750099463086874,3.2326474999960886,-10.297197538440392,1.340806831556977,3.41129255935503,0.07840683456169477,1.3059800898873506,0.3510804141442809,-1.0397458475731955,5.0
13.965956175324495,-25.364273848208853,-14.449097604215007,-0.3919666643132464,5.152059269060579,-14.442761371436616,3.3832275323697694,4.833887136171359,-3.749158524963704,0.4503657019884472,1.1625596553094537,-2.9065681574841817,6.0
11.803998288799221,-23.335724588862465,-11.399640217413895,-4.8595543891042565,1.44293541671473,-11.501279298088619,4.090049952035558,4.3457938969074394,-3.51555418273908,-3.2925268565522274,-0.25602271079421624,1.054211171337196,7.0
12.499334760443876,-23.925483611620184,-5.7622449835781016,-5.148816160546484,1.3695083292336834,-7.497816453574225,3.3849712002631924,0.16145457764535026,-4.088700372761338,-1.873277051781186,-1.7659868264141216,-1.2576405477416523,8.0
12.427889357064464,-23.396653920061503,-7.5753256380229494,-3.5184001926166584,0.7917999574103747,-9.537318108445595,4.882494711841964,1.4785745926634164,-0.5364917751966407,2.8235507289250728,-2.6744198211713064,-2.996914575895332,9.0
11.77399727809758,-23.94173891672241,-2.7183536476930708,-3.439194855742386,0.02273317855580086,-9.98617048841284,-0.4179289515856264,-1.3224787286501491,-1.5168956814642678,1.8103443734586693,-0.8422914813104532,-3.1951804564370763,0.0
11.245404432256512,-20.676386088194523,-3.5756377303267515,-7.113546157121752,-3.043685112496948,-12.839262613122685,-1.811466682613944,-1.6304459783992569,-0.2427692301155284,2.959915965217212,-2.4532310838172897,-3.145733745362575,1.0
11.846751047420454,-25.26462120588301,-4.766439239042341,-6.221148510777723,0.07042804290525524,-7.004468866089723,1.9322939032393187,-0.038988330049538784,-0.49682686621395095,0.741645366848428,-3.6963548836359807,-4.4814674850147656,2.0
11.235395452918317,-19.89870696802855,-2.6048900214548625,-4.4417832589925865,-0.35559485299924937,-12.976737954797425,-2.8496461580841204,-0.9648583407117558,-1.1205110191038457,1.6193751021885936,-1.1698961790553617,-3.1147441178537085,3.0
13.017987196381542,-18.939495295089973,-4.074442990852418,-3.2852540105919457,0.8842877896873821,-9.748331293597467,1.82305400579074,1.7666510118091123,-0.795200155005229,1.697861874467179,-0.09478577415122452,-1.5688785966079688,4.0
13.603884817956487,-19.95024882457382,-4.111791091611353,-2.1473689100437823,1.15001776201105,-11.305337373747005,-1.268795072875123,-1.5013488377293145,-1.863658298631917,-0.32381600290550155,-2.12356716650017,-3.660541617763713,5.0
13.534167920797238,-25.87686961585667,-10.523611891159524,1.7894173404107776,4.4153050507058085,-15.173323600013127,2.0440833916421743,1.8530339492007328,-5.732661582748419,0.17499012246516815,0.19893402432809984,-3.8603788415222775,6.0
11.45222435755938,-23.83979670692866,-10.381999636501483,-6.8579830031364075,1.0904445115880572,-10.256549193421202,3.640951879745266,1.0984654052903122,-5.332034118135214,-2.42474364594175,-0.7804656860199838,-1.1217029327808474,7.0
12.116041141356082,-22.933994663527695,-4.76981961466592,-3.9300639565461184,1.6358333295445908,-7.44893781245249,2.410814172671307,0.14294446235215166,-2.1497499871415955,-1.3625209967539031,-3.624464062797113,-1.95788497575412,8.0
11.690081643942303,-23.83550181746984,-5.955929964284872,-3.918893859910248,-0.9018858675974216,-10.054391440448006,3.1265864591377737,-1.6329116954715106,-1.7409113605683986,1.9957518223419588,-4.038117104745742,-2.378180486977292,9.0
11.649247552808239,-22.233672767247313,-3.3294159579678766,-5.8784891446772285,-0.4269771665241124,-8.385456334935371,-0.8478376480586839,-2.172170972600783,-2.2389566762641744,0.004981698311044372,-2.178703132189018,-3.4328630616398845,0.0
10.972139476313682,-20.510837353590922,-2.967237940394143,-6.476398254769436,-4.036158942960006,-13.274417123958669,-0.29217866744930604,2.387621464688631,2.7269042053796086,4.650562780465495,-0.7032355452275254,-3.299846863142861,1.0
10.693230673754053,-21.30274997891509,-3.565109272802117,-4.399981974240137,0.4182912018150847,-8.439246626908673,1.3223100788681343,-2.050320573914944,-3.5542260437039,-1.9298496085298464,-6.401434284304348,-5.1881949529719575,2.0
11.24630204254718,-20.064147661827427,-4.526248041168903,-5.204136035420312,-3.2376127390100007,-14.697951128845204,-0.9625219233030748,0.7009272747085332,1.0545041573899905,5.308294759662303,1.4673635555148228,-4.025925124853727,3.0
11.146026561098335,-20.58915842804616,-7.024871273823358,-5.594662563814612,-0.15685219620646895,-11.346342709066837,3.306502339160424,4.1580494358803985,0.8912507982814484,2.6827230682955565,0.2745134927909205,-1.6272047031808183,4.0
12.381036309590652,-19.57585575467445,-5.24816090465664,-4.823486525875988,-0.4671128746922694,-12.989036158424904,-1.1329989116894013,-0.1243854744468872,-4.191373863388668,-3.1023699821945754,-3.0805333220843125,-1.1300677137743833,5.0
13.600000980409494,-17.41789373815345,-9.48690150293339,3.4249088460051205,3.7671477227219015,-16.49548460755745,1.9338840351108288,-1.4498571709828774,-8.824810482022771,-2.9112990586733614,-4.727318730412038,-4.723944247597733,6.0
10.55032918817489,-36.6899752742556,-5.199839426593207,-7.907601475057754,-3.1554535540987567,-8.163725998959514,-0.03127848943017167,0.7049423204269021,0.4161801163502647,-0.3547093726756609,0.6278369877925377,-1.1105080312097595,7.0
11.140840258612585,-17.50142754899497,-2.5619033602711334,-3.2078946369704084,2.3327183103527225,-7.1988201195556965,-0.2558573776157954,-2.521556936732686,-1.8588011208377282,1.1073739302838974,-1.1946845423101349,-2.169879387663651,8.0
12.4245091309867,-16.770122216923568,-5.5408831705458965,-1.888966121343877,1.4808714830226437,-11.475033554707535,1.0332741643627648,-3.6049245793929146,-5.826368060416452,0.2594372264793827,-4.9555084852276865,-4.483492926884488,9.0
11.202037819741461,-18.399000259829744,-3.0024203439765684,-2.3076957835707583,0.20939207628807832,-12.465895170404803,-1.5751948860198033,-2.352747068831684,-2.8005278738639525,1.7948950360965303,-3.249889130413113,-5.196091704318722,0.0
10.750099084272463,-12.521294249854707,-1.5192609706623792,-0.9858396787098748,-0.3781787444918272,-11.816059635685859,3.116469408222512,1.3632060684271057,-0.4688069560971328,3.8289734477343154,-2.748199459528861,-4.966932785620643,1.0
11.099697929905608,-23.581452717826142,-5.886043764685702,-6.728069093268965,-0.16558513346893172,-7.438539775116157,1.4119395626228068,-0.9499185843259852,-1.3543613065104008,0.4908331454309858,-2.12734483917049,-2.287347893009836,2.0
11.600684385368226,-18.168461165956113,-3.180704923096304,-3.5410708690121004,-1.959032963373404,-13.342568350075688,-0.18804260260188266,-0.392330055295381,-0.9571513362280116,3.055795210034585,-1.2282746334054169,-3.7294317857809753,3.0
11.114327075031037,-20.10970365211729,-8.597991298215714,-6.393015863755671,1.1723517509728567,-9.311352987998768,2.5452929060725094,0.9994664205147152,-2.747031856263885,-0.10483125125793824,-0.347272465648932,0.9213177244892964,4.0
12.79525125676689,-20.95468332338321,-4.586023675763955,-1.858088389867377,2.0231982005323963,-11.264710144521015,1.2235154232367915,1.5518617830788124,-0.8754819251430981,0.7474057582528899,-5.003306934849717,-6.640820592500058,5.0
14.401756847546885,-19.92929616572112,-12.52625502804701,1.3186638561129476,5.177507329504598,-13.04619230200518,3.8886822541747343,-0.573252591450343,-9.045541499740095,-0.9804743225382674,-0.1407845399922206,-1.5455544272940165,6.0
11.63855382049438,-22.326187144937524,-4.614620527343268,-3.5328077107918436,-1.2257647437645756,-10.972761753460851,3.954830795612976,0.0748936633646795,-5.08621699570242,-0.019414198697355427,-1.0187134553816122,-1.3788939215772014,7.0
13.305820726364953,-16.889418636306633,-4.442872560366141,-2.4484025595071635,3.8370116609167035,-7.160845596310698,1.6554034402295368,-4.409353359441167,-6.534899112659588,-1.7274391270029004,-4.055106054916898,-2.542928456102952,8.0
11.277025389046054,-21.8680748080127,-10.000440894582072,-5.651081168067112,-0.520174515188501,-10.12886853393936,2.9250867860633107,-1.5363441775802051,-3.0137897466898136,-0.21633082689623565,-4.950556211567731,-4.559100964112711,9.0
11.792708824516428,-22.104426002306685,-4.286138941473848,-3.414861131700954,-1.1249960759118791,-11.270295994592507,1.3455822042172525,-1.4946998204394075,-1.6509221960401816,3.3791272505049403,-1.2224125870018785,-2.8498618820063952,0.0
10.340963674909974,-23.43076218725416,-6.329154964437596,-7.440479070384924,-1.8847614662428631,-11.639524333037302,-0.9245182310797292,0.5050366337488841,1.0331587613735085,3.355739957389964,-0.3824084351137012,-4.151031815242576,1.0
11.883864560736045,-22.230878305327426,-5.519460654630736,-5.4528896415902315,-0.23964313540610346,-7.518331684040223,3.2222851637551595,-0.3924527892360719,-0.9284731782883668,1.4843859638397126,-3.2674815084817137,-3.7424271364485686,2.0
11.15062915358012,-23.180813338948077,-4.72364495018257,-6.2757339016863005,-4.074058404673649,-15.317353055797968,-2.4300394724505683,-0.3374445792966512,0.3749887590341101,4.3990285347794185,0.4691069140989157,-4.075471240100163,3.0
10.808621091140296,-25.243825489513487,-6.787845643695142,-7.43660389450921,-2.188647051966154,-10.76398931278653,-0.33551983015050085,-1.817522259827776,-2.9515258840373195,0.09117374075057154,-1.0475819060910094,-1.1025102644230091,4.0
12.407080643973286,-23.060527829055772,-8.954354971305381,-5.908766915261243,-2.111487697157085,-12.482789340501867,3.2861418631650388,-0.06302829155130413,-2.3383516444964574,1.8101468101040399,-2.1171923054411943,-1.4245213486356267,5.0
13.92360395001971,-19.705231074680306,-11.936231193657315,1.5112856998109343,5.3953442499387965,-12.678514154259878,5.539882936949297,0.7801246218285224,-8.388892791384528,-1.365642095010748,-2.333107388110913,-4.161720118090823,6.0
11.302278264680295,-20.23838994800707,-5.6569932955454085,-3.2854753781712267,1.0771353150652558,-9.97770825971817,5.366161534153192,2.3022275717417733,-1.9552664055105449,2.6793873718081955,0.6013910152852582,-0.06475951468631852,7.0
12.852169994727682,-21.724800535902165,-3.740232185485834,-3.0842836074196205,1.510907052066417,-7.542212178311843,2.260047535906898,-0.3618668151525299,-2.1516636877026247,1.1236260414270327,-0.930558317902925,-3.384569009473913,8.0
11.655410207829776,-25.21656174906725,-7.802582579686222,-4.471352594880019,0.8887161730007072,-9.583974396646019,3.1007193157130013,-0.4632506204101104,-2.2082959815145062,4.374440704042041,-1.34885046409639,-3.9910560993748696,9.0
11.011149352853408,-18.277694648215526,-3.5024791316555275,-2.86199209566336,-0.5682563765713818,-11.887638931878419,-0.3998867368147336,-3.438971473313245,-3.9204359276545846,1.496445746229252,-3.4453646887521727,-3.0281309286412377,0.0
10.362084895406186,-25.253191185644315,-4.590036783431193,-6.9493965763214325,-3.2303667316341804,-12.114955528967895,-2.0055899486171564,0.8109003834132708,1.8859225335764016,2.5088047528510717,-0.4727923627232456,-2.9217901422956936,1.0
11.116188609866498,-23.48993457192407,-3.944502611019177,-5.072538725762617,0.5005997132487416,-6.3899994893399725,2.2192827917940856,-2.810977807477482,-2.7046177133915017,0.8796961282733577,-3.3109916791949705,-3.8203586703710966,2.0
9.877286580928633,-24.36142295595057,-4.729948507349336,-6.5176976961155475,-3.607186727288338,-13.985664248073785,-1.6492171855760875,0.5980374449867314,1.6516929653085903,4.90750887773249,0.22351658270543973,-2.368091088839925,3.0
10.754898822727847,-25.63694977768559,-7.927827948103237,-7.942793475620662,-3.105798394681861,-10.123469792259758,2.9235095946864784,1.3052442606112262,0.7441979542040705,3.2340546519690343,-0.2999662965536081,0.14035107025530022,4.0
12.737339708334513,-27.714354512272624,-8.926492873217722,-4.62124656240402,0.2807167205558901,-9.83855237935166,2.6177897855274708,-0.4115257203388492,-0.5337952759609664,3.1655490008720184,-0.15044886209169034,-1.2344270412946812,5.0
13.208130073579404,-26.849230595952605,-13.481167035224695,2.6454821930048045,1.2907032003142913,-13.501490140550713,6.6051555810263824,-0.8218878329184582,-4.716716853508321,5.102735336844835,0.6706570908676246,-2.5996655060417995,6.0
12.034389738533342,-22.087342254952787,-9.143647833739081,-3.0816879944625435,0.2521261772179925,-10.72812738946216,4.344849587334608,-2.3571686515141734,-7.3969962800240925,-0.8854097968069736,-0.8338402545005692,0.3783231141136607,7.0
12.547721124398505,-15.968561423221846,-5.975546054467102,-3.586919535802936,3.710532960484305,-6.0084459829903984,1.7491808074090782,-4.8841673873488745,-6.9314887915039245,-1.8977915667823109,-4.298899458150329,-3.5061534853086136,8.0
11.46024961320192,-20.824685591663748,-9.78542935282349,-5.950494438433776,-1.2544892502854532,-12.089728991851851,2.673605823117168,-2.6156694103069262,-2.9086845830515835,3.0253544382823185,-3.8655651773355726,-1.575195361921678,9.0
11.627920340039818,-20.161791036033065,-4.00055726766716,-2.586741381597393,-0.599172173935014,-12.520358486710224,-1.401510572182677,-4.793370253676751,-3.2449420547959056,3.5438060628886388,-2.9458722962931043,-3.9482520681288658,0.0
9.911160544196653,-25.9638116078703,-3.5063660501363194,-5.556465705321228,-2.3969435843556406,-12.504048390706215,-2.6888191327067945,0.007968029162642457,2.6678579413549217,2.915039292069991,-2.636166634157474,-3.8757232812101328,1.0
10.781612347369975,-21.137060393993107,-3.7724105186317884,-4.040230120919678,0.6749205015985943,-8.048707817743061,1.0244600028643485,-3.476648089381667,-4.357569578575273,-0.8405449346972999,-3.8211216744734533,-3.00800073954212,2.0
10.175211789223008,-22.929310805191776,-6.5944743823522725,-7.09470999767155,-3.237225104399984,-13.933695642202675,-1.577132085848355,1.875964177283309,3.2508753466928844,5.87666293036345,2.9951792408469333,-2.0145008292843043,3.0
10.362035127741796,-20.441460755769857,-8.585019562083566,-5.2834303471909205,0.7850815014309505,-10.370146769187345,1.1675666262822832,-0.7562903152417607,-2.3014767139303016,1.5532514543742308,1.7142179693997197,-0.0315192648740658,4.0
12.112575699592044,-22.606800462890078,-5.500384278457222,-3.3311569964554613,0.4432597453908097,-9.373211352981082,3.431457074370085,2.2417485514659643,0.8357321281214791,3.826449513793433,1.099055924448673,-0.7519378965722388,5.0
12.808284624199755,-23.09005274500375,-13.366480818024565,1.9908547172139992,4.302917315114389,-11.82329878436408,7.7662073641675935,1.3528325313094034,-3.679689947275232,5.411624496913893,2.9542769558654207,0.2402266281722662,6.0
11.513334013467462,-26.010338320692078,-9.047665641581217,-3.524163962980173,0.4483515107170029,-11.408032261649128,3.944881055291168,1.4693973177766004,-3.6374760375997712,0.38248256606837067,0.19573335482676704,0.8486109691050788,7.0
10.626087313012404,-23.308146244713768,-8.082383460371924,-6.069240906494618,2.6734303522602816,-7.007137984739449,1.8634415801744435,-1.8404840962873072,-2.7811108453967,1.5397659433135733,-1.230750583030504,-2.4030371733102647,8.0
10.725930006233824,-22.203797810025588,-10.248456488977784,-5.045910411618717,-0.8059439396174232,-11.796830951690898,3.509885996994887,-1.0402335125305084,-0.6751509867633604,3.829733833026337,-3.107718310419234,-2.0033480650074265,9.0
12.356905225711243,-21.119619146393347,-3.871565857235289,-3.939633558469461,-0.13571586880977002,-10.557502558293477,-0.1365251281120528,-2.3908208971741503,0.018805955458454718,4.105039596405595,-1.6053206715206665,-0.6922529216941149,0.0
10.781894971059305,-22.83173667457095,-5.454960570966235,-8.130372501148312,-4.2987537941754885,-12.565379407320151,-0.1361426303317313,1.5380787598562318,2.56879225394673,4.512027804770282,-0.8490896146511646,-4.479370691272961,1.0
11.719768604904662,-23.26645027928606,-4.646980753751762,-6.286869318087865,-0.5574068239876507,-8.270857986350316,1.558987867709138,-2.146697362008774,-2.527682761843462,0.5839481994871072,-3.0915258827546204,-2.55942034916354,2.0
11.02699930828018,-20.406978021857114,-4.992184627288878,-6.512019803529173,-3.762972767714373,-14.10372845557539,-1.593376391352213,-0.09568957784358137,2.148834140905708,5.7049114181264935,0.29481504974162953,-3.1014029735634656,3.0
11.163281914670737,-25.58228384425401,-6.759114073873062,-7.056976440377302,-1.8187407460731213,-9.87554133214902,1.6582276749931468,-1.7674415770543632,-2.8276382488594782,2.2329936383271862,-0.8672026933333524,-2.2455095034309296,4.0
12.684136864809446,-23.830426636542555,-6.4808579614713455,-3.5175012383856537,-0.02533203678666586,-11.680454016398661,1.1472641035235192,-1.2176047543879198,-2.480208904384756,1.3488913404682388,-3.0254473414090906,-1.8024341703743894,5.0
13.521192322782767,-27.061109073772496,-14.342870251133744,3.4041992713739337,2.3843877809729994,-12.557798242251284,5.899941524158687,-3.35143781458942,-5.579529801260152,4.2324949094578175,-0.7231906658458591,-0.2898769712373943,6.0
12.458332879558688,-18.245913135791213,-6.4242234447855635,-1.6111777297654883,1.153131844850709,-12.100473359385068,1.5851735294682956,-3.328091659959124,-8.632426175908927,-1.0929708603079014,-1.2120694673742938,-1.4694551115495271,7.0
12.490007963154955,-18.003994241058102,-4.746385073430068,-1.9385176402150364,3.92281482577685,-7.061073438676813,1.6220419856748258,-4.336809715933522,-6.206436064305104,-1.0870369278551104,-2.555853137859064,-2.2520959915387846,8.0
12.116058066504172,-16.812927734920972,-8.563182790002461,-2.1227325376379924,1.6457567314980384,-11.38445825093308,0.6344753615615789,-6.39272146259022,-4.805217211058923,2.7733224363650413,-4.280735920700876,-3.1312044828744767,9.0
11.941874940172884,-17.932171885694487,-1.9161578290326275,-1.2064980099128964,-1.8245850650900457,-12.297377625122099,1.522356657815601,-0.9648365869677952,-1.7259800187409458,2.929293054976448,-2.264908919973473,-2.740803217479438,0.0
10.38062917177381,-20.669115826905642,-4.3714831235685,-6.597820744138298,-4.340715209657734,-13.484788192659655,-0.4600112794610269,0.5413097212011004,0.8099128505846191,2.8245622100376355,-1.2808854544728256,-3.6003373946351025,1.0
11.398623830134909,-19.25902526788113,-2.818611968935912,-4.3309917527300685,-2.1783368234666103,-9.326260810291227,2.2733904354617978,-2.8185135312491303,-4.858645853749074,-0.6661167807193256,-4.656029909998437,-3.956938807639263,2.0
10.500931711186817,-19.88263401982439,-4.1515045419877685,-4.523113650116307,-3.8759599960594526,-16.189162096089362,-1.4310207007063385,1.1293215220598591,0.4089367047217376,4.0346506651517045,-0.18507319850097487,-3.4602623347384527,3.0
11.440935614665433,-25.02883816651323,-6.627818904691787,-6.966981909975151,-3.0123583647169934,-10.547448192601019,3.308323976783877,1.1765112905559336,-1.2383609697079865,1.9579400060753929,-0.610174907571091,-2.002841658563777,4.0
12.422568433315716,-23.256868710985408,-5.999723824165709,-2.5273752969077554,0.19667300378084976,-11.380447788662446,3.768190368859895,1.5951767608009462,-2.1695990026853997,2.6541883363273,0.5097730329266917,-3.1355542933376412,5.0
13.397012477881113,-26.188097133519783,-15.827972588893333,3.6510836023166067,-0.2418282347238771,-15.16601996114544,7.59739839284088,-1.9491418021853941,-6.007318843605558,2.932368628569076,-2.848643668059585,-1.5107161731242604,6.0
11.697019879713752,-23.925692882438003,-9.747514126505408,-4.168367764933604,-1.6090026139083118,-11.910849745172136,5.308500222454684,0.7827846800560897,-5.023771311388816,-0.5093351857694577,-0.4214109758795493,1.3861383124093596,7.0
11.86705448462832,-21.59726073015425,-7.523315870388721,-4.323680379394602,3.628899762991858,-6.727230219526304,3.4667061945939825,-0.7485588528056275,-3.5864493991485067,0.6036803459477313,0.24468174929956985,0.13433327062682762,8.0
11.224084799321597,-22.15622417209331,-9.304545153151718,-4.110479859365275,-0.09617535205429774,-12.784756166495605,1.751150576647025,-3.4761636392705118,-4.470619763415697,0.6931770901122168,-5.06293259580647,-2.3087683352413046,9.0
11.553999055793824,-18.83156280733787,-6.302097148834107,-3.2698308578939383,-1.3133016818208754,-12.904150642439976,-0.2752776573363343,-5.699546273124963,-4.861991451633814,2.6255837755983813,-3.016704118500209,-3.2010990061879583,0.0
11.177922387262562,-20.810717765760078,-2.6718730342543235,-5.196747911451225,-2.8352522311344535,-12.182279049331493,-0.1331679372732607,0.08429853641863341,0.7296457107355944,2.7176338251814696,-2.1850159478815003,-3.823036254921221,1.0
12.067730835925119,-16.518793558342548,-3.2984842837114536,-1.8566556393065927,1.1215700148081933,-9.836535688255378,2.13929529774912,-3.1445965455061664,-6.38408283036368,-1.0696520107409957,-3.982311283269655,-4.936572443776264,2.0
11.3615624468552,-16.0573006772942,-2.305371598108238,-4.7388738442595395,-2.5933492275210868,-12.953815678900847,-2.423413832557076,-1.4773292919823025,-1.5361893547295675,1.8204885859127995,-0.5662213241825413,-4.129000744955649,3.0
11.785249392081287,-20.23618876240741,-7.768562994084145,-6.729994185691148,-2.5337615485453617,-11.152567575218596,1.8674045939905024,-1.4262475891266446,-3.1392163282753383,0.35021142502289315,-1.8606984870902208,-1.170606398376654,4.0
12.052069646599145,-21.376937195805873,-6.864759975387801,-5.262404175783223,1.4836645743624461,-9.382447651551214,2.157234475037283,2.116077887882062,1.37673275175338,3.2245838937512112,-0.4050870318870442,-1.7260575069647492,5.0
13.482466928764756,-25.568690690466546,-14.27247016052199,0.7489999286334608,3.7517422236657056,-11.50120045884373,7.537685549525973,1.3032247511682855,-3.1772203956201097,3.791071398577662,-1.8804215426280777,-1.7011874535429892,6.0
12.212534009344134,-17.89730761817943,-7.7670476627832326,-2.742308014322252,2.7726476187517517,-9.841506661826386,4.124984225180295,-0.28014740789289644,-8.538851980001732,-4.550213438124708,-4.6132482405708615,-3.0330580424034284,7.0
13.053063125874784,-14.66438705298809,-5.553914525302156,0.3583956451306599,7.6757149462068925,-5.0175083942392105,1.4030611076652502,-6.393532387252541,-8.455279212175414,-2.0972785186156364,-5.2672228225337285,-4.792337202400039,8.0
11.764434939788165,-20.993490613863226,-6.408606575421612,-3.8904956422970067,1.2673371329435539,-9.603164407258705,2.571379751938032,-0.04773406381426133,-2.7876943964029426,1.542222288507119,-2.0458737736841206,-2.9099881534970327,9.0
11.5518274097079,-21.712121105007682,-4.224502254474906,-2.5688756730855777,-0.779921206135601,-12.9794528762794,-1.109543195546925,-5.561625772241616,-6.512429737786769,-0.8428974617215219,-4.183856716823705,-2.639945376378918,0.0
10.919150533394197,-21.918775229187563,-3.4183471851256337,-5.3670048701501205,-3.79022707540871,-11.800325607962716,0.9613128177013104,2.1805557711650976,3.1110511006274004,5.364535181138564,0.3434212269765782,-3.901688965416132,1.0
11.132336310043161,-23.3110273632062,-4.121192116709212,-4.349304603031784,0.4519633681938348,-7.7281630902659595,1.7066002065580208,-1.4525206195597198,-1.149707862681744,0.12027370847638702,-3.9711547800042446,-2.1991154338052827,2.0
10.51014870504256,-19.609776986690658,-4.942714567849436,-5.293445990468459,-3.008563594299216,-14.887856502949333,-2.41829456544535,-0.32551934034416924,1.6353751496874485,3.6706090064382284,-3.366327494576517,-5.364782702367153,3.0
11.186275474147736,-16.917928058076132,-8.415805604426057,-7.284963050366358,-1.935167974058648,-11.27387194272714,4.5414919749693325,1.8550114229542327,-2.13876401963294,1.3295526474662058,-2.1332560205900224,-1.2829069414933625,4.0
11.884023958382821,-22.17462109053347,-9.367296608392287,-4.655361850202586,1.0300047030659056,-11.198259921261062,1.9922266514157256,2.024957326696478,0.15677260242412272,1.651654792247201,-2.1227625213911407,-2.1210905693533686,5.0
13.814102484302461,-24.31622396681409,-15.288262028581155,5.227894113862607,2.4914337683792205,-13.488190587885676,9.286453157635233,-0.5502104671762031,-4.674109982382059,4.398075627817802,-1.8385253688053456,-0.6246338740810136,6.0
12.34020632599328,-19.474898432508546,-10.093644785064193,-4.3188277713476495,-0.7338372650301128,-11.909223799246053,6.674861747555928,2.396446710112708,-4.658136049098405,-1.543413307564879,-1.916828581832916,1.2300873410677948,7.0
12.410413502971327,-18.445690578400754,-8.072301434243805,-2.8191734037116567,2.6815206558163505,-7.88791408202441,6.18124419729771,-0.12053764885873333,-2.7636151706441696,2.076209355126347,-2.0794526741836346,-0.028902068316889143,8.0
12.166084974319332,-22.448249574977226,-8.391012311711673,-4.4379078126558085,-1.6374337254791251,-11.931725637002256,4.807840667290039,-0.4604258539570552,-2.3151742355584983,3.54206206842162,-3.4068721107695548,-2.6858994884278213,9.0
11.253888753881713,-22.001306140598725,-3.385089182399556,-3.455625166552959,-0.1442008921425774,-11.217800996930682,-1.5727018683431482,-2.60382861107333,-2.0170695572197377,0.6178040356702726,-2.779224494985758,-2.541799983950785,0.0
10.887523700495588,-17.144796415738238,-4.482942244952418,-5.649606615059202,-2.8240234814750296,-12.44875405804452,-0.3654618783125959,-0.6284138699653766,-0.31762037250559794,2.2242306085395067,-1.8428471829168225,-3.56652778669996,1.0
10.389986379161456,-21.29905321457559,-5.311845287092236,-4.7430919946184265,0.8982318948270542,-9.834451114103832,-0.06855521061339759,-3.1368215812109708,-5.246589646876398,-2.0865773040002686,-3.473220381896016,-0.5149218432387721,2.0
10.727002900925054,-15.966811627447846,-4.6352324155210125,-4.188572622888041,-1.8366205274579004,-13.618474038343775,-1.6361233517592282,-2.4083522016505223,-0.15655988382915434,5.781921863144975,0.694059010076019,-3.439182152965939,3.0
10.779819828944756,-16.574708175972308,-5.756030100123931,-6.127032954035545,-1.2335389630052331,-10.376174833353312,1.9740894230934325,-0.8943363085399516,-4.145422937004573,-0.2831181434240817,0.1302657585423296,1.3327845971033954,4.0
12.21694421095882,-18.687357260194272,-6.6877382978322615,-2.5394394878646445,2.1850389137026327,-9.9585714328491,2.619054020078481,-0.3704026402655405,-2.441331213741015,0.27281344009295505,-3.3226259220059435,-2.7863824333978653,5.0
13.705932832060473,-25.95942060727561,-11.297912326477785,3.9033587418606617,1.5831948258880282,-15.030350064673982,3.982312555104037,0.07522976513666403,-4.541354846191761,2.676498441671934,0.32334380567950943,-1.8927576959153647,6.0
12.509297961360307,-13.853365648465571,-5.248065313442481,-3.1305759799296182,-1.1901695488856086,-13.882322496488898,3.0631872287541437,1.1791515254187397,-7.853949311618162,-4.204014526873623,-3.1249824331039173,-1.0198054813074369,7.0
11.817785020264342,-19.41265060886252,-8.570968713209261,-5.059786664901993,3.669593702471063,-6.565400054293993,1.1093108731472259,-4.933010323950467,-7.857851018328725,-4.207395854861296,-4.274787577474827,-1.0244825123004948,8.0
11.352261664115758,-18.582705059583628,-7.56348633029232,-0.8372237999733388,4.2727222654338535,-9.843331507256591,3.838768642974032,0.10569351082499703,-2.7348503024560142,1.8450443248915285,-3.750201785259856,-2.900446484328392,9.0
11.426652015809527,-18.497959062840934,-4.554407344582828,-3.123308689439824,-1.0483908657244878,-12.74421968095139,1.4266103504968,-1.7739671202690594,-4.0945904635292605,0.3345611330723821,-2.356264913145346,-2.694454660781532,0.0
11.041311477289414,-18.50618753967352,-4.870234114261869,-4.5150793475593245,-2.6835577751126296,-14.786291948593107,-0.1538494431633224,1.7317198882899316,1.2744999139995032,5.1502798945172685,-0.2911364660323227,-3.9033154001429664,1.0
12.994998534995046,-16.365198557499998,-0.4875143573792276,-0.8856372284503619,1.9540080795777952,-7.8941351807474245,1.886478235147609,-2.9769945126814217,-6.666343056520071,-2.5153705340651,-4.648680545087512,-4.016967697551111,2.0
9.55832730557258,-32.0320453306779,-3.4872502100034435,-6.480101916950238,-2.2886229345425884,-8.084197349665173,0.3071384138910511,2.007828264790332,2.3319896483737703,2.026537226979326,1.1842580655893995,-0.4246902102556617,3.0
10.900149487297444,-23.50009387223982,-6.756316767954259,-5.9889886336544595,-1.224859781885704,-10.199696701452783,3.3913721841085582,2.8561051042618444,0.5089327708469724,3.618254658766963,1.085510122198185,-0.3546879755073074,4.0
11.835208992076836,-21.893392636817705,-5.7259007209402615,-4.394970099125225,-0.3177988578175172,-11.476853375191894,2.307517188451372,3.379125706468013,2.4416721715120717,6.038881509151772,1.3636906358002154,-2.4846187824622143,5.0
12.915801765526226,-26.27983896359512,-12.03827861240516,0.4471845196779693,2.151043738219291,-14.628975002260685,4.007118696232045,1.699284835433304,-3.526035249704931,4.273884978907695,2.376390496444962,-1.9192445837042829,6.0
12.335826783692601,-20.7693393089443,-7.92312394839312,-4.641275664333365,-1.1324571288592171,-11.960938397987055,4.0587721969696275,0.8978969826549905,-5.05207284063015,-1.0463239649952882,-1.4295429470081014,-1.212724533050909,7.0
11.655697800007149,-21.58310188387961,-5.787158023924746,-5.37179438751067,2.0735639493693068,-7.077130842105866,2.001573017946637,-0.3546562121266409,-4.324791215295076,-2.0133779928062583,-1.6132174297573545,-3.3920457929912327,8.0
11.37386240390626,-21.277599189699856,-9.364756065960485,-6.979632614560691,-1.4557192692347007,-12.584983545823825,2.2517216835140155,-1.3489525718030757,-4.311326561586272,0.3658305404588181,-3.546342282823572,-4.175377655968084,9.0
11.604431451831234,-16.97718768919441,-3.6005663775789616,-2.128956529089842,1.9055030354648144,-10.765575761279322,-1.3189555475463648,-2.45728974390074,-0.5622497327461415,4.341571078438472,-1.0147093430635328,-1.1178684706764752,0.0
11.327839345071439,-16.069116500625054,-2.0415228143165667,-4.2341330459456525,-1.686089846203359,-13.566167123401835,-3.6171880660217277,-3.119114809848445,-2.1792397228464138,2.1606046824613663,-2.299328906333628,-4.501839626198363,1.0
11.096186775243897,-20.37943500501689,-3.227365724990052,-5.450455981007402,0.6338057154603427,-7.80430467256612,0.9396872853788332,-2.3148240888805383,-3.708231659941504,-1.9543819219118013,-4.487362309066361,-2.547546356140995,2.0
10.618560076532527,-22.03737225313361,-4.870940176051624,-5.3192290704375225,-2.6518276441402406,-14.1245711154723,-1.4393291564999735,0.9969827389814668,2.068421428144196,5.857108665123618,1.020188760182264,-3.1196375157866174,3.0
10.564919323851283,-23.06267516089977,-7.39635447335592,-6.458306543221166,-1.3739034729458248,-10.268271994412084,3.1675188037536777,3.059960256689509,-0.4335592137212155,2.640652096034793,2.4594208270343723,0.8185754197088454,4.0
12.258510478563313,-25.485505578031386,-9.237962494850716,-3.769392566907671,3.4402686669976794,-10.094061981275448,2.0260586234023745,-0.9409295469407488,-4.9004809077436615,-1.8588780798437192,-2.854690993960308,-2.2526358472167205,5.0
13.547624607753766,-26.324255569929534,-14.594248411084022,3.059578025533732,3.722256672442879,-15.217763117670481,5.858265383282789,3.284271760902392,-4.70591736257196,1.4621851688641514,2.4226777876452057,0.3140221471883648,6.0
12.383019786313314,-25.20504528750211,-11.283215481087144,-4.806981188207597,2.04113174607189,-9.371294070455972,4.634806880862404,0.6287602910000097,-4.962206696257975,-0.6437612546286081,0.4983301339243651,0.4777915869601477,7.0
12.302526094616239,-21.56485743575529,-8.198351966283264,-4.882866749814536,3.8907296349517377,-5.9890225391787455,3.691172764253397,-0.7168907049348509,-4.885771031148157,-1.8975785147771835,-1.7548720716793589,0.1730374261933951,8.0
11.54905443299465,-19.061856998160128,-7.8711962886024915,-4.424263899334892,1.4617053247320604,-10.681590396538462,2.1389382327000592,-0.5503782967623724,-1.727384877536921,2.43903395120032,-2.059263588977092,-2.3954786720525365,9.0
10.985900502712381,-22.418397795415,-5.3678286739199175,-5.073507702911597,-0.8348813581910521,-11.613024108007815,-1.4369485683262624,-4.56835782208492,-5.377597110152485,0.069158972182927,-1.059494773195763,-1.5113804142009863,0.0
10.991731708525084,-18.833164743617512,-3.258459124341712,-4.392636709751036,-0.5369665275276385,-11.231606153267355,-1.3954102657182204,-1.1870783398507667,-1.00433283702572,1.9564136384242847,-1.9431146574711688,-5.1400455171450234,1.0
11.713972733181516,-12.865037526096904,-2.331173699804024,-4.311262478542679,1.1422016071523948,-8.240151058402144,-1.1584187825127004,-8.398409438892902,-10.691237345022447,-5.3179208703138325,-6.163976682971293,-3.4009924725030944,2.0
10.225891672767018,-21.063046071817727,-6.064665426438325,-6.252540738605193,-3.4876249353390927,-14.449697874345484,-1.3904312071336322,-1.5223302646599597,0.3274988285943375,4.9383722777027845,-1.1063311441045138,-3.356075640810054,3.0
10.40856063199232,-25.939319367102108,-5.818645410509819,-8.184272538349116,-3.6036796041517283,-10.576157979876227,1.7766022749347008,0.6378626794927338,-3.0621330252816903,-0.6734103185804533,0.028491583903390263,1.1575239117044651,4.0
12.493818002575019,-19.505058915371187,-8.186035794833026,-3.88967301039034,0.1804319543462388,-12.25962884943444,1.1649442067291251,-1.9640154917064288,-4.203836939798853,-1.2308025166169123,-4.880407419900616,-2.6137344564086806,5.0
13.788518690304613,-23.8201321669212,-14.027145106908725,1.8390268520953736,3.659409833039761,-13.195457141707251,5.652475924031006,-0.4708486973515652,-5.693480392269692,1.1271065497029296,-3.5191651065989653,-2.202000558298951,6.0
11.790782811923995,-21.557633077532312,-12.043626645417412,-4.37737397277628,0.5771218661783262,-10.410770542617065,4.344701728623972,-4.164346121228145,-9.143582844781488,-2.283417563999408,-1.0488091706777178,2.2076650061340484,7.0
12.071395868049748,-21.344626402127254,-7.452996112786264,-4.8091126559094315,3.629294988948116,-7.314226538385675,-0.4038314664332256,-2.6647186690046083,-3.962147597312912,-2.0623301436291346,-3.529863374935078,-2.5931217872628367,8.0
11.629936478521236,-21.338288023750515,-9.54631311636012,-3.0722922996604813,1.1352527163642434,-11.326422222087688,2.0787614658487654,-4.309641690297122,-3.1569367287795176,2.811649165726476,-4.909410413999284,-2.2970247559881387,9.0
11.805749482324188,-12.874132529356716,-2.9757257664643566,-1.836231681470716,0.7864174900031323,-11.51073063652015,0.2650857098818146,-4.668373016814195,-4.036133578893211,2.534957281678196,-2.4746167476234096,-2.3322701687881846,0.0
10.775085410934322,-18.357279415797304,-3.852921555078165,-6.670225865386692,-3.5987851488360123,-14.174396689621243,-2.665271112758353,0.2870540433278038,-0.4345847648692896,-0.31411975040512896,-2.7783121943648874,-3.3537415898992182,1.0
11.031914369026207,-18.594935966334827,-5.356595431937083,-5.672650442423768,-0.14232802203958742,-7.8302040675595155,2.236125191658118,-2.6918446542892167,-4.044171782165947,-0.9342105821053798,-3.2373595208912294,-2.1828858164205047,2.0
10.38700558144301,-17.286232255167125,-4.523825069439644,-6.517600550273436,-1.9091017624633917,-14.512103100282927,-3.483472664667754,-0.6880090835444902,1.3489325278627546,4.776316506002458,-0.6384584200533511,-4.041301894499464,3.0
9.692341050941927,-28.78177869948678,-6.368778872006433,-6.528343155192994,-2.163134915217534,-10.38199792439518,0.9574897487412593,-1.4010638639091857,-2.9835484961747163,-0.14518780081274776,-1.0445991359277491,0.73178142517657,4.0
11.540100169028534,-20.26753184076498,-9.737727713481704,-3.9015780746391737,0.6659530671092837,-12.85625219688492,1.1284417654525871,-0.2220721610884688,-3.110957799744299,-0.15305980324753046,-3.1933065041094904,-2.392889627101588,5.0
13.464245758964086,-16.383623371770142,-9.556786930840028,3.9792527750358113,0.5165187305009612,-17.906159870632962,3.1739607833113825,-2.75876029554174,-9.26348939694256,1.6879113992237134,-2.4300470782996983,-4.6247074030567905,6.0
11.751549449601393,-14.764531163642454,-9.118536588496118,-4.839438396574883,-0.4522356531866066,-12.088105170982434,1.820576646346492,-4.918175507401732,-10.653516922400165,-4.012092554343872,-3.5920378770704167,-1.2190585681243191,7.0
12.292105514309304,-23.410880124918272,-6.884532826864438,-6.5529048037222415,0.6857057400023321,-7.1072650681803715,1.0832903944320182,-4.207464422788578,-5.530299892504966,-1.449780523551571,-1.654157447638666,-0.08925510530820557,8.0
10.942964023695811,-22.038188644965683,-7.783540484975222,-4.9643604876564815,0.0012354576472187286,-9.705582727226773,2.6793329250387514,-2.8285369657527872,-2.5856750857468462,2.4516797851112773,-2.7972566371117558,-1.923385797820116,9.0
12.953332809305492,-19.685603165215927,-1.4403885666218443,-3.61801041838904,0.31701702568956663,-8.544937689672821,-0.5226327979477036,-1.9421802157079608,-2.5935851280519318,0.7268056646446348,0.33922977991407555,-3.389194271967272,0.0
10.283291472205168,-18.758435352873143,-5.1935276120782845,-3.2184857105665823,-0.55910763563138,-12.416787837675939,1.7479660109351092,1.2535050304787392,-0.10062886026735827,4.770006893899511,-0.5255455232235179,-3.846035048009792,1.0
11.264933872327509,-19.055460408560734,-3.129495544007721,-1.8322639846721207,3.0745677102294646,-7.1720061400915345,2.765964591884761,-1.7722524230007066,-4.9995687303313,-1.0531878577337404,-1.9060478224776551,-2.049558391139552,2.0
10.898118711540219,-19.794533618194272,-3.998126515408166,-5.453730945415485,-3.3774716128500843,-15.44068385194599,-1.5142571223351176,0.742807836544965,-0.25637969124099586,3.61742837044748,1.0650525496537238,-2.527164129733273,3.0
10.316887295463095,-25.14671453236877,-4.377632698207512,-7.489469888387598,-1.964429644980028,-8.387377715602279,2.832390591469472,2.7159697624693453,-0.3140534331045172,2.073877379669016,1.4008773712126477,-2.048103727411832,4.0
11.933543442844142,-17.437754796362167,-7.402107504831362,-2.7149452750932808,2.193639445290696,-12.291732319251807,3.208952832935853,3.770547641526748,-1.616689505660589,2.0776386253049863,0.946784632693392,-2.154878514028723,5.0
14.28823486822025,-19.10840791737063,-12.258188919178464,3.072492895523076,3.633468812925489,-15.913540677319482,6.008763196160006,0.9763290089495208,-7.85891748935472,2.9427971079729565,0.8406195671106822,-3.8381069344199066,6.0
12.31491470760761,-13.566784588353913,-5.031985828619932,-0.7207760600579368,1.6670683442752905,-11.942801905688384,2.5988015284953323,-3.3087104227907838,-10.326883769808976,-1.485428428404287,0.2213189362724708,-1.0743230377043531,7.0
13.313330917778668,-14.402764105200848,-3.7929673517161966,-0.34412329129684466,5.507853010617068,-6.398673724904588,4.311197567923497,0.8764839074845895,-4.04425075315734,0.4203953015622662,0.5843425794332961,-1.9684777654393737,8.0
11.420219806539073,-24.217609220811585,-6.189732366137497,-3.6484531757090326,2.140966988590951,-8.16189774764859,3.4622927041927687,1.102560471454241,-1.3124847091280092,2.0499330330410097,-1.6007454685653952,-1.6375978269917206,9.0
18.626857523645697,-38.38027628003431,-5.577658404168045,-9.46916671590674,-2.783265146453042,-6.832506272223969,-1.3136154826268522,-0.7195837080851509,0.4108531036720493,-0.5349920387856822,0.9784495562581886,-1.1951417616196656,0.0
13.484916969148376,-5.417594543053163,-3.639718479007152,-0.9548323385301568,-4.1959431584898335,-5.27426476423248,-7.369723408686114,-9.410123492983493,-1.347611983293285,-3.644366068795399,-8.822660482372203,-8.925161279501648,0.0
12.79810974187818,-5.854224424934777,-5.483397877968117,-8.343437576148776,-5.891407347041286,-5.896515058708583,-6.602683156371644,-5.19555645739069,2.152840061886616,-2.262473222208559,-7.096043818373211,-6.468772225741432,1.0
13.364712644000758,-3.716343488663152,-6.587795306511761,-5.895903250566666,-0.485663295292772,2.544559558396776,0.0773113236308046,-9.216918849983736,-7.431779733811681,-5.881679428533975,-7.776514820090706,-8.093255836499834,2.0
13.24190340285453,-5.520633906101902,-1.6353827304297326,-3.709138452726409,-6.606784437229658,-9.437966826753788,-10.082173358266926,-7.129466130938429,-1.272656573904066,-0.0637847635740052,-2.539630096914232,-9.201392520629708,3.0
13.115457874303726,-7.992653697651923,-7.820606975856197,-7.240299024128266,-6.955044377454821,-4.2137387700201225,-5.529390020286607,-6.198656624232323,-3.629082213578119,-3.7001346422114105,-5.768754176573948,-5.232003709575475,4.0
13.583724666630784,-8.292871165849265,-7.505606545284316,-4.311409599794677,-5.869784518120919,-1.2935397183091055,-3.9463583033451135,-6.632389678807086,-0.8891838682022797,-2.3965894699070827,-4.304454460778124,-3.606654618396858,5.0
14.789746107773231,-17.127665300024173,-10.11730317658187,6.164420945526074,-8.562012600210183,-2.6380410485055297,1.8053880847573736,-7.625781599512797,-7.016314706984758,-5.1013622339488425,-2.333416374641843,-5.935735037379351,6.0
13.556024842090052,-11.260202867341622,-6.038852460996671,-1.0977713585097577,-7.330745670120131,-1.929660968788175,-1.5375612538988477,-9.939639976550902,-7.169402389130819,-7.293100791515212,-5.655932123613084,-7.345968641141964,7.0
13.39735770513426,-6.631040296443775,-6.335734346181047,-3.478531025724915,-1.9177257493233424,2.2700097581563394,-2.254696436647651,-9.483185648099871,-5.272450524630182,-5.1551702953785705,-3.2183971381399443,-5.850282681023061,8.0
13.560367798427974,-7.848591581845534,-8.118881588039093,-6.835754389455312,-1.5210904006385833,2.621489527705261,-4.003670018255471,-7.425124105168079,-2.900548400294876,-4.337343004491398,-5.955313937383484,-6.733772122380112,9.0
13.95625417110932,-7.38029719558165,-5.539591276703967,-1.5295267999427538,-6.12011444471829,-4.897948700707015,-1.3069678239754303,-7.215927149898127,-7.280513619959567,-2.9076023933060764,-3.740613290748176,-4.762222727450311,0.0
12.822388670087596,-7.429317718525472,-3.9791461412206255,-8.171980367750072,-5.983336535986558,-6.020256826466018,-5.2807830464447445,-2.3521256077909896,1.613008876337826,0.752716175878121,-6.450231781269733,-4.84852207912013,1.0
13.53002431470388,-1.785473400453054,-5.574631403540469,-5.723719554239109,-0.2449344441878663,1.728904606026411,-0.8867326186957553,-7.390351208281573,-7.580515765913857,-7.445444150868741,-5.888221818083959,-7.326844328078546,2.0
13.127526853139042,-5.792069282336183,-2.099115554834926,-2.9147875367655462,-7.263860150363096,-9.523841932348542,-9.621591934105236,-7.736954018210087,-1.2529194171390847,0.3609994481827849,-1.8119299250855705,-7.134889240450592,3.0
13.170260957389882,-6.977884432289434,-5.250007833859346,-7.461226733827064,-6.028172073003585,-2.732975614650122,-2.853412917310393,-2.85282781945692,-1.0995933796576831,-3.514521464505988,-3.88243851526538,-6.998299940425137,4.0
14.001668930726323,-9.969767484776868,-7.184226714479117,-3.3294455255288056,-8.145096365831678,-1.8501042607777392,-2.4954725881757125,-4.620303538125671,0.4506768787650665,-1.3364186345515727,-6.544618052199959,-5.374494809099412,5.0
15.573372926220893,-14.439534163581497,-13.785755852348863,11.053659749097998,-5.027354971112735,-7.48670762181969,-0.6050079267901928,-6.123424398955345,1.9915651749603525,-6.301920605736226,-8.355394328791544,1.304333820524144,6.0
13.782099548186912,-12.481217944766655,-7.095925500807612,-0.2246948306224723,-7.628923740884872,-2.442877409900043,0.7758104381668921,-8.985811270264357,-4.336380883720314,-2.6305884160997848,-7.257697748413061,-5.359456816241183,7.0
13.255777764247284,-7.453293512351474,-5.9752332922498885,-2.6895161147914224,-1.0828824322625166,0.7222829298273394,-3.007170809104934,-8.745125601553996,-5.6130698354138255,-3.143873148364623,-3.8346583764421474,-9.23000666386525,8.0
13.988427984807764,-9.97003178954888,-7.798514047951594,-5.701555800665764,-4.403006352935045,0.0524611601282452,-4.224752955355699,-6.957913070111824,-2.8014712672882243,-0.3079289065858149,-5.76165680317739,-8.793955120132043,9.0
13.234784377004154,-6.366101030774308,-1.200576799220998,-0.3382070705603288,-5.587118448410515,-4.268440232809897,-7.110903557548577,-9.718366770048286,-4.738829581525231,-6.740937596408211,-7.052702906377643,-7.015571595826403,0.0
12.842271118720216,-5.861717552649973,-3.385487612528005,-6.3343469390128,-7.6700708605645,-6.582221702325654,-6.036646280968279,-3.022108764616989,2.9397990727093166,-3.462681837138198,-8.594504492773867,-6.064347633298917,1.0
12.884212440692718,-6.922214510255523,-2.36011954830108,-4.537171695532805,-3.950599910626164,1.224585447992025,-0.2119235654906218,-4.298752858681523,-2.573429334502731,-7.39013368039727,-8.936312543505368,-6.853119113000076,2.0
13.230821186452271,-5.117024491920816,-1.4893636893450397,-3.843409610394796,-4.263336808126351,-6.387582793719306,-7.242584022302947,-7.393175817960964,0.1619171777206895,0.7297076516433764,-5.046695980562409,-8.658168797441776,3.0
13.173366797320265,-4.4875818728811225,-5.180445966474856,-7.262669626197381,-4.478253030029767,-2.7623392846094807,-4.244754637726979,-6.61806772438587,-6.559816697550116,-5.54558749890433,-6.045781044258359,-8.979823938145081,4.0
14.006710051881432,-5.477036722744291,-9.570392738975224,-7.256767816873234,-5.520148539898839,2.96151783014278,-2.5976040613841334,-8.355586655550958,-2.727036051477029,-0.7628771166539994,-2.598145380091863,-6.294395104761078,5.0
15.318699157409965,-12.254513634827209,-7.485775400100857,6.750508419657376,-8.775213384492654,-3.293693562809692,1.4454519401802413,-9.3654895231154,-8.34951765271703,-3.1463163129684943,-2.088279688027482,-8.330948375424335,6.0
13.636650079808502,-10.74775839491839,-8.500940010881843,-2.428765431037016,-6.853962628828839,-1.3104972230921126,-0.6887062627964964,-6.796498855440851,-6.594793114613005,-3.848037527079037,-1.6674824712347407,-5.61284935278608,7.0
14.010343854769168,-8.607954728652295,-4.787588984324879,-2.878418504473653,-3.44153378369324,-0.5255931377622042,-4.965001826976236,-8.671682353035548,-5.224148495781901,-4.669145735390161,-3.3147646693353527,-7.0092574768118405,8.0
13.72810802075568,-6.468922366456869,-6.011295387652377,-9.200897951573182,-5.4840997916490375,1.918465555328736,-5.424253865262771,-9.465593549244325,-7.5967850021231165,-4.234286917674942,-5.165263013721348,-5.696728417023526,9.0
14.201247101216437,-4.52845112635422,-1.6054533444980528,-0.0487409290857648,-5.916192286487911,-4.803745849234755,-4.454044983256582,-8.487642691775909,-4.913322819495062,-5.602805553361176,-6.327847434785398,-4.564961385567565,0.0
13.11913552755118,-5.738571155607943,-2.9339969176630376,-9.836637733927914,-9.604450598948969,-7.653575579900322,-4.784837855112308,-3.647400549474756,2.2237580962829764,0.110346768247729,-5.982825021794799,-4.0350850522586335,1.0
13.997475879722622,-2.4198274666986266,-0.5366960972443156,-0.3938181218560114,-2.503087194513524,2.2236243545265792,-1.6808999641674736,-9.21730358814241,-3.5303746611326194,-8.322461643046973,-7.691227688331413,-4.816529785475015,2.0
13.964123004523127,0.0299950904137828,1.1329990221193222,-3.814932618961637,-7.867024558439361,-10.971383887604318,-12.504841948875397,-4.03269429279731,3.513632923725257,1.3801996697349417,-2.593796276855697,-7.87789714662586,3.0
13.46147800659798,-5.953181779446708,-7.799706167799313,-8.635391395027,-8.291431192247023,-3.1739629465898003,-1.9950800289366968,-5.322419328184381,-2.283221965762944,-6.007748941593105,-4.123417673238794,-1.137253033449077,4.0
13.90328643494832,-9.39397607552485,-5.790769987195738,-2.2809861811398635,-10.932150549689773,-1.4313530450600649,-0.8729619163770403,-7.777750584781375,-0.8112628677477909,-3.65264358495818,-3.631653326249717,-3.357396912631286,5.0
16.38329848829579,-16.208483186390403,-11.36949864252122,10.779714150415582,-8.402531880937664,-1.6622133933979546,2.800883092473175,-7.527408025284151,-4.943583429811683,-6.445654765418187,0.686994994205124,-2.2204912975310047,6.0
14.79251999299086,-10.746495271604152,-5.870430377231161,-0.2137396432526909,-8.266098061784426,-0.8714139928283687,0.4615800654340455,-7.939289685390288,-5.073252992802668,-4.686804028009568,-3.5123156869584675,-2.620320414428055,7.0
14.83317492940637,-7.075449555774958,-3.7205145423604256,-0.935702064875273,-2.404898658047928,0.7469800367921062,-3.189017327116224,-9.117976755797548,-5.485145781761125,-6.445172296099834,-4.401035442170824,-5.403357145732918,8.0
14.5814491713939,-6.956707883355011,-7.393466302006904,-6.439467347229946,-8.391384625006186,2.582204098955448,-2.6360977062555504,-7.324017339475337,-5.94083483899731,-8.99449937779691,-6.298893062641402,-1.5844648632847709,9.0
13.597186637271232,-7.396353393136922,-2.768768933331813,-4.46337271105119,-6.818097561582977,-0.9496989936772896,-3.3074170193061185,-7.956989873552503,-3.232174585184896,-1.106828711041982,-5.636011003910606,-5.827999400005813,0.0
12.8139974287708,-8.06720814567596,-3.105168893290405,-8.779505030836868,-8.402965067326507,-6.874429678323958,-4.669871739581615,-1.7636607088359784,2.8957608454386343,0.7204481369546223,-5.480829672785064,-5.524845358882906,1.0
12.988263206156004,-5.208022465212589,-0.245534900721507,-2.445000523383518,-3.745545653476954,-1.5342528396952926,0.0967055870784834,-4.916428105219275,-4.325241331018796,-3.152078310028524,-5.985817763375975,-7.229757223711713,2.0
13.0805640115821,-5.976322320689306,-1.377595476408099,-4.639979887374045,-7.9765306513301875,-9.446396074514263,-8.147454403258804,-5.704490191668091,-1.4483167188166328,0.5005368648134435,-3.318602407916152,-6.816356437425377,3.0
13.350504232127289,-8.418572168998038,-7.284273989737993,-9.934246528521925,-7.015330868352873,-3.794052835699026,-1.264500916521882,-2.7821053471867976,-3.194248940297385,-5.065202948935039,-4.248606303638216,-2.6368548808424843,4.0
13.979717919136618,-9.651446380680584,-8.66740812882101,-6.023855744085404,-7.878298063823211,-1.610567583210532,-0.4310515828354592,-7.218059440100452,-3.574370624326922,-4.624191455809443,-2.929344079502952,-1.5381984948886518,5.0
14.95759024577908,-16.80356035216836,-9.16339413152353,4.471424035210457,-9.00023972384802,-0.951141889020084,1.799546136638712,-9.005317252994027,-5.705530633502613,-3.2547968797929245,-5.460668323722825,-3.435210133379601,6.0
13.7565265643985,-11.292076031179986,-7.851172474390213,-3.974793028264401,-7.53779768683202,-0.981588708525438,0.6338173357990771,-7.267185942247818,-7.110030976684652,-4.908773232544751,-5.508804979692026,-2.6110033184112567,7.0
13.14148652479493,-7.833400141476333,-4.805475948693267,-1.509682086203378,-3.08237852047748,1.805959776390667,-2.0431312987732424,-8.36994789614232,-5.6806822564578345,-3.9649253491884577,-3.5259619189664853,-5.798328355206379,8.0
13.891826595013196,-7.070375153532826,-6.97494201316,-8.266153456667283,-3.2010254103874383,3.8761517988096887,-0.6918637590302568,-6.178829166679827,-4.021950900636343,-2.96281874943016,-3.9907919704386585,-6.180604626596224,9.0
13.320793372169865,-5.67973937784836,-2.5262359627119912,-2.983799349873928,-5.137758943908652,-4.398604798979777,-6.896783748097203,-7.1741880959316005,-7.28725056281288,-6.809510717992847,-4.12611298662287,-6.670413329369075,0.0
12.937168070907358,-5.700145828070877,-4.275054538003335,-7.649738929731627,-5.567830776535116,-5.718535037472082,-6.738929128200828,-2.133883099065187,3.640565954128633,-0.1456897374618869,-7.352755385779278,-7.192683659476016,1.0
13.661265716530124,-1.7374432438233884,-2.8363136030034504,-2.6781640631441124,-1.074594242246986,1.2526957008491797,1.8489022228220864,-3.831529898206704,-6.0306327623727976,-8.564578212620848,-8.862236497852168,-5.880698254158168,2.0
14.203691043523644,1.9596144746929287,-4.463542744771371,-9.007861558469129,-5.852202425746048,-0.633634479936724,-2.0927812742614647,-6.970354325556873,-0.2878449525024865,4.750621005127948,-0.1535196489776177,-4.051640750690388,3.0
13.548984788205392,-6.515890487914592,-9.706243126103546,-12.192521361491735,-8.918549340396245,0.1034115181964228,-1.1576476114306185,-2.3415013314356483,-3.70764889743489,-4.959632625433368,-7.029135164968031,-2.626903450292841,4.0
13.986656115902106,-9.295722882232228,-8.952331379035519,-4.984229221131009,-7.92737071840911,0.8083881164623647,-1.140028021582902,-6.561309175347245,-2.41960296580653,-0.2061498002365694,-6.203812761417003,-4.20233056834629,5.0
15.215461022253692,-16.568951644881864,-9.329645085284568,5.350888996018956,-8.114694818257012,-1.211692249795028,1.7809448526888385,-9.626855102259384,-4.116363518994258,0.1979765081143085,-8.670947632922188,-4.732160132416029,6.0
13.847840302103048,-11.021523164498038,-6.513683341314742,-3.1306562502721147,-7.452578828121256,0.9897683856665588,-0.3083790659955465,-8.822888743221279,-5.580955450431292,-3.5717173517501406,-9.410755332300427,-5.697569909483898,7.0
13.87049070976948,-6.329331200171218,-3.83187546137354,0.7496746164285589,-0.4109101525516049,2.532251032979384,-0.5012459120242408,-8.548063096918941,-5.419558637920849,-3.733578485573557,-5.16732842507331,-7.3080306691757295,8.0
13.796458519476513,-9.585149421795377,-5.147698659476781,-5.823188085072754,-3.9144000113265625,4.517847186336094,-3.324505820996726,-6.037422272523177,0.1153436654539214,-5.908300182741373,-4.754852629597784,-7.159151241565894,9.0
14.24516534602365,-6.30974719191961,-7.3873752979592995,-1.2891945794658377,-0.4921839087701359,-0.2747955683807573,-3.320464442867092,-6.578135153244626,-9.198127197178396,-8.517373658364699,-2.544516540599698,-9.076660922065114,0.0
12.84663935422101,-6.857717578534887,-5.003483902069488,-9.817616074873124,-5.920322296881172,-4.149228234789069,-4.465491785752909,-3.32027678695579,-0.234136804534263,-2.392118218933747,-6.193284435334394,-10.595045236323088,1.0
14.449733485871256,-2.2374208499538675,0.9022851030447872,-3.821682347490421,-1.2196759021114685,4.479654406340314,1.505750912568229,-5.7064520251587325,-4.321656598827067,-6.138126724682062,-7.840795721630756,-8.79200622647955,2.0
14.348150467369932,-6.975878139482591,-1.2119164830593554,-5.446296761588328,-8.11676073292585,-6.085743417942762,-7.117620864720485,-5.521463895068209,-3.5687228257843304,-1.799068463362346,-3.941554384523568,-8.176413741805755,3.0
13.663663336291304,-8.239311719394083,-5.91176892282774,-8.50534211991824,-8.934020227388626,-2.406259405833807,-2.208381192627684,-3.8626141647397993,-3.68635607525749,-4.069140862122446,-4.647344647411063,-7.638313034314797,4.0
13.911256665975705,-8.827584204734055,-6.285247660678177,-4.4583814344283,-9.41702969640539,-4.378870882558894,-2.139080892434204,-5.984831095600301,-2.920036422176467,-3.065580189087977,-6.479406852167885,-8.808902673179272,5.0
15.71923943914734,-13.399399358500192,-10.05108899495102,3.1837336359776147,-9.541430300381377,-3.2540944723014693,2.0403011735074084,-4.521870251865714,-9.749505231696924,-3.6931987562267743,-3.458698321208461,-9.963381469537808,6.0
14.326381678077466,-9.495229774334614,-4.402118920744766,-1.3407759104292676,-8.979475057469068,-4.53552160158276,-1.1332850328158082,-4.93675075083428,-5.315913064079855,-3.789715644994897,-3.792850368466781,-8.066581852489763,7.0
13.937508661799088,-7.050611261197295,-4.324419634536485,-3.714811847465137,-2.908578247548657,2.634508929975264,-1.5130899726250917,-8.829768690637298,-9.390973384643246,-8.291063527874236,-5.593416407931089,-8.103757362895529,8.0
14.488984362568706,-9.514151192319003,-5.7970084184008375,-7.172098943246255,-7.572557424458415,2.0586915300195323,-2.727821267228065,-4.7261372824013534,-5.331409635073852,-4.894831101803061,-5.089218981686047,-8.906386529498256,9.0
13.44642492847963,-3.2673006294423628,-1.686797515451078,-0.8989597188769257,-4.73970585507975,-3.700588739270888,-7.215170764357476,-10.407891758197666,-3.838044029228606,-1.3657696923994418,-8.427137562685393,-7.978222680099338,0.0
12.595350631756114,-6.646580399263899,-0.7508010740059006,-7.175943424462686,-8.005311530193838,-4.6851655974713,-8.089462465447127,-3.728247253591757,0.4630904465920373,-3.8603520493783727,-7.695819798291271,-6.504255972039406,1.0
12.818650470031187,-5.89397643227782,0.1247257896893556,-1.6453473136965326,-3.8749601852772217,-1.844300530642629,-3.2141181784819794,-5.879541944075826,-5.64303348479003,-6.165638544433602,-7.258371791622123,-8.107993263429375,2.0
13.115138935244785,-4.026254328381077,0.1212225138389865,-2.60067947496384,-6.064834685779424,-5.615300643245515,-11.170333923662024,-8.211809485731475,-0.893109696614558,-0.4044828282377705,-4.834892468145206,-8.259947785972113,3.0
12.814430785210783,-8.888355008133265,-5.481330350348658,-8.323906133050242,-8.181904775353475,-2.5381569951844947,-4.268949322224425,-4.970095302743171,-4.179209035463509,-3.477364678052075,-5.05080713129811,-6.589280837328768,4.0
13.8388215669677,-8.529356645790113,-4.826382139934871,-3.985957025449907,-7.922303664476202,-1.8144356845955585,-2.280438302816949,-6.656027214298413,-3.699643832710216,-5.690077935545726,-9.528359440253857,-4.221727534868746,5.0
14.64881819115114,-13.007097012876658,-9.058093226485411,3.248868412419625,-9.229173013798109,-2.963483116758168,0.0043861651143552,-9.817660774131056,-6.656300802292175,1.2242851875091232,-5.318748124030432,-3.182851050300039,6.0
13.413762116845495,-9.633097370923174,-5.213194539969483,-1.934507418465299,-8.648911848187176,-1.2365555596118794,-0.1965338112122179,-6.812460977910612,-3.67084398671515,-4.622213660988355,-8.041668889197316,-5.696797338384219,7.0
13.038723031159297,-6.542038971837653,-4.086730606239506,-2.573517559203273,-1.939717122789216,1.3846554477041018,-2.718845353210137,-10.886237284327912,-8.344203016406563,-4.780787945445066,-6.561639723201961,-7.134040315742428,8.0
13.534988096463383,-10.430730733193805,-3.5288402914403267,-5.064758301161637,-5.938839608285615,2.837232809863369,-3.935094222675275,-7.31671234535164,-4.736467986264606,-8.471580349534628,-7.778907014015475,-4.787138849132,9.0
14.4050016909121,-9.894959248136471,-4.941077193955297,0.206628681963353,-9.138765014909731,-3.838589786191889,-5.128625447532546,-5.883908981592707,-1.151051707189434,-1.2797773906472638,-3.0857907189868565,-5.442768247947192,0.0
13.125241433662744,-8.804363197091275,-2.1540408997494764,-8.688622161450015,-9.58318164701474,-3.42778835651742,-0.358441475377084,-2.903074681086089,-0.8610685019304893,-2.1134410239582806,-8.830613866390129,-7.783676012808214,1.0
14.390461153906864,-10.48207030668188,-3.680584549079528,-5.734971159240746,-8.755190830655662,-2.936512725628408,-0.7725896236598745,-3.8774340626211288,-4.823608717768516,-5.51949644528517,-11.0769272086176,-9.24382609795428,2.0
15.100826177126606,-8.04181279149866,-2.061011875949013,-7.036122772627447,-5.110121033559009,-4.438710608082868,-7.81760778626048,-5.004898936687246,-0.3194373257011412,1.905889527941916,-7.58460732427518,-10.300839189861954,3.0
13.971045154838643,-9.405022286355198,-8.942715271938873,-11.328571369980578,-8.789964356031534,-1.3329066262489528,-0.8521772949501468,-1.4424622297178469,-0.9720883117767852,-2.680803102942916,-6.061492094588804,-6.184913982791876,4.0
15.415495152944738,-8.540709468716617,-8.676070576976027,-9.65626739214716,-8.873989476918899,3.78223436434652,-0.2757333523910399,-5.378142332317358,-2.018818507918533,-1.4749020049870378,-7.729210456996674,-6.186322584590569,5.0
15.923757406032076,-15.761969093425424,-7.677195872702175,5.144566378709272,-7.205930601401127,0.9001980610387937,2.353277531097896,-8.467232310708303,-6.887575419204046,-3.568494818485062,-6.248761001301825,-6.676125182077827,6.0
14.958079568084576,-13.030952869219163,-7.2818079404877745,-5.985307530427328,-10.019190386787995,0.7395200527889237,2.1904981724189123,-7.761346488900948,-6.546000583538042,-4.5010159237407805,-7.206754388045103,-5.90491028902226,7.0
15.535703663231583,-12.589076380070088,-5.7128005895848695,-4.847782085404684,-6.009136251866254,1.1086414912809617,-3.120592879457706,-8.478990905219552,-7.386167253114705,-5.399421828916147,-7.652615537371751,-7.11508648405386,8.0
14.815545959154658,-12.43983346954485,-6.748003497572078,-8.028068784969346,-9.026239428210824,3.3279565808500977,-2.993172100290422,-5.1775862531257735,-4.337855067111473,-4.671222526654246,-8.691431941505634,-5.52178033534747,9.0
13.766760025672616,-12.419319024030166,-7.2372836018344895,-5.102828958931274,-11.209259995481132,-8.286757103355537,-4.871812080616346,-5.510717732049966,0.0935537660189587,2.338932032278882,-1.9565566048742968,-6.444201810495023,0.0
13.505118958071378,-7.369420285343774,-6.500408549800012,-10.504281617437986,-8.721544302766711,-3.1187039150831435,-3.149691891131925,-2.980592862145171,-1.4563099170656542,-3.7742818604637214,-8.104111390840224,-5.46276400018295,1.0
14.035527604114076,-10.610204458692364,-7.284170858381078,-7.512716358537253,-10.005317309538878,-2.43012415527214,-1.2944229307547013,-4.401355162605795,-1.5927508487059627,-2.7119337791385147,-9.753074940100303,-5.805135222747834,2.0
13.754649637168912,-8.001992501969536,-5.014467270653997,-5.422428553716104,-9.396956238907531,-10.871293333372895,-8.321330479160482,-2.023675132332031,2.7879756410786016,1.6723238590999832,-6.032079147565267,-8.899949019403063,3.0
13.235421489893692,-9.33418114933045,-8.530483856078558,-11.026508566231618,-9.0228834195959,-5.537257776781653,-3.7879385281730777,-2.2474562391539075,1.0776122150757463,-1.4391354098183584,-4.998751003057111,-6.303451236412386,4.0
14.578902479625398,-12.230243280232507,-10.066870371763455,-4.55442697982966,-9.89080218692686,-3.4328303500498643,-1.1575198910292444,-5.891566157793182,-2.854450686499612,-1.4798017713844358,-6.306295697783943,-4.88438505618032,5.0
15.694593582703463,-17.412397339715294,-11.005362662918529,2.183028171231141,-10.262388683067744,-2.8924819309955683,-0.1737619440404698,-8.078429905937087,-1.678544603541359,-1.3474704050684,-5.380353103003351,-6.100717620814521,6.0
14.479732034905554,-13.703431044463828,-7.863156589238577,-3.755965653098756,-11.137296750497752,-3.1502246797740336,-0.8293079309161516,-6.348167392630257,-4.186117327300259,-2.070795047770606,-4.575744246440561,-5.609828091296158,7.0
15.551587430555152,-13.229910809090182,-8.731459696394587,-5.370355483828919,-7.664338613805704,-0.2755642589315359,-2.31650793639572,-8.53410552399744,-3.1044105525664145,-4.640433454567854,-6.652621168552829,-5.581917863782932,8.0
14.967565418370643,-12.590907815421405,-9.58821108082916,-9.25053734265147,-9.99021790246142,0.4680526047419681,-4.0806356743985805,-5.367445555034509,-1.8070240521180367,-3.249556391084384,-5.895818004988153,-3.621690936791049,9.0
13.357915496864752,-7.090822564579409,-3.771552422957024,-2.9499666660921715,-4.494174151410736,-4.302059966732668,-9.820520164792333,-10.831735109127797,-5.616941134260494,-3.077683559970232,-7.083085229498486,-4.87999707764506,0.0
13.095527192097109,-5.291510409320508,-5.165043938690233,-13.24860825779538,-7.220768211618119,-8.737527156014522,-12.23079835961294,-1.746817853305837,0.7063815461078058,-0.9062093250263612,-7.895482119147047,-4.537032884636621,1.0
13.64087371012065,-6.867110955269511,-3.55277931772663,-4.131042963234445,-3.5540761846067683,-0.5276419809663802,-3.1885304753466404,-6.1884124172928345,-5.80996250342692,-4.208676484325594,-8.385239156002923,-7.0986816587135815,2.0
13.173798733996064,-4.745232496102692,-2.3339696020776795,-6.035180572732697,-8.688113792460504,-9.020998859132662,-11.911115024066197,-8.003151561317539,0.7406235723326797,3.603327531289534,-0.1704714511447425,-6.084882310276064,3.0
13.348938827681769,-9.530089286076954,-7.83131659679641,-9.745820457905028,-9.428079300062564,-2.2670306924990333,-3.936095484519748,-7.218509464122396,-5.297791181510858,-0.8736800568048299,-4.126662984825227,-5.249115360448086,4.0
14.04801041141616,-9.638399172121916,-7.510407429846307,-3.4182628371810044,-7.703831629307687,-5.775432459192848,-4.96467319687087,-9.323958234707376,-1.3020544200119455,-0.6479621786250378,-3.9006090392563584,-4.427632508394466,5.0
15.87565086594133,-18.46328147535849,-8.052117626438893,9.480328340334385,-9.680351395579097,-3.5953931892379405,-0.4145413926181202,-9.163818949327675,-5.24044052365312,-0.5005652138070289,-2.5694078575145225,-6.996254985294265,6.0
13.369874582049352,-10.49282511400665,-6.6878286144186365,-4.309453047020763,-8.783369336117374,-1.102577475611717,-4.880461679148547,-13.37693840062207,-4.170949010530199,-0.1059201622704911,-4.34518705877131,-2.6782262769539207,7.0
15.04102446920429,-8.661025480584616,-5.639859529991015,-1.979926302911171,-2.9303901931500382,-0.1333906878464994,-5.258502415967869,-10.609208986881752,-5.257962808342085,-4.226570429259692,-3.6410916536432416,-5.963425652500506,8.0
14.535300363665131,-9.912744408034449,-13.319151660091409,-12.876779400735261,-3.7352751380078497,7.315796146378808,-6.387962578677082,-9.354143926516274,-3.588037606322968,-4.714985153899733,-5.116569604700092,-1.3071995257566986,9.0
